{
  "bools_are_tristate": true,
  "user_categories": {},
  "saved_searches": {},
  "grouped_search_terms": {},
  "tag_browser_hidden_categories": [],
  "library_view books view state": {
    "hidden_columns": [
      "last_modified",
      "languages"
    ],
    "last_modified_injected": true,
    "languages_injected": true,
    "sort_history": [
      [
        "rating",
        true
      ],
      [
        "publisher",
        true
      ],
      [
        "pubdate",
        true
      ],
      [
        "publisher",
        true
      ],
      [
        "timestamp",
        false
      ]
    ],
    "column_positions": {
      "ondevice": 0,
      "title": 1,
      "authors": 2,
      "timestamp": 3,
      "size": 4,
      "rating": 5,
      "tags": 6,
      "series": 7,
      "publisher": 8,
      "pubdate": 9,
      "last_modified": 10,
      "languages": 11
    },
    "column_sizes": {
      "title": 413,
      "authors": 244,
      "timestamp": 102,
      "size": 76,
      "rating": 63,
      "tags": 163,
      "series": 57,
      "publisher": 78,
      "pubdate": 81,
      "last_modified": 0,
      "languages": 0
    },
    "column_alignment": {
      "pubdate": "center",
      "size": "center",
      "timestamp": "center"
    }
  },
  "books view split pane state": {
    "column_positions": {
      "authors": 2,
      "languages": 11,
      "last_modified": 10,
      "ondevice": 0,
      "pubdate": 9,
      "publisher": 8,
      "rating": 5,
      "series": 7,
      "size": 4,
      "tags": 6,
      "timestamp": 3,
      "title": 1
    },
    "column_sizes": {
      "authors": 100,
      "languages": 100,
      "last_modified": 100,
      "pubdate": 100,
      "publisher": 100,
      "rating": 100,
      "series": 100,
      "size": 100,
      "tags": 100,
      "timestamp": 100,
      "title": 100
    },
    "hidden_columns": []
  },
  "field_metadata": {
    "au_map": {
      "column": null,
      "datatype": "text",
      "display": {},
      "is_category": false,
      "is_csp": false,
      "is_custom": false,
      "is_editable": true,
      "is_multiple": {
        "cache_to_list": ",",
        "list_to_ui": null,
        "ui_to_list": null
      },
      "kind": "field",
      "label": "au_map",
      "name": null,
      "rec_index": 18,
      "search_terms": [],
      "table": null
    },
    "author_sort": {
      "column": null,
      "datatype": "text",
      "display": {},
      "is_category": false,
      "is_csp": false,
      "is_custom": false,
      "is_editable": true,
      "is_multiple": {},
      "kind": "field",
      "label": "author_sort",
      "name": "Author sort",
      "rec_index": 12,
      "search_terms": [
        "author_sort"
      ],
      "table": null
    },
    "authors": {
      "category_sort": "sort",
      "column": "name",
      "datatype": "text",
      "display": {},
      "is_category": true,
      "is_csp": false,
      "is_custom": false,
      "is_editable": true,
      "is_multiple": {
        "cache_to_list": ",",
        "list_to_ui": " & ",
        "ui_to_list": "&"
      },
      "kind": "field",
      "label": "authors",
      "link_column": "author",
      "name": "Authors",
      "rec_index": 2,
      "search_terms": [
        "authors",
        "author"
      ],
      "table": "authors"
    },
    "comments": {
      "column": null,
      "datatype": "text",
      "display": {},
      "is_category": false,
      "is_csp": false,
      "is_custom": false,
      "is_editable": true,
      "is_multiple": {},
      "kind": "field",
      "label": "comments",
      "name": "Comments",
      "rec_index": 7,
      "search_terms": [
        "comments",
        "comment"
      ],
      "table": null
    },
    "cover": {
      "column": null,
      "datatype": "int",
      "display": {},
      "is_category": false,
      "is_csp": false,
      "is_custom": false,
      "is_editable": true,
      "is_multiple": {},
      "kind": "field",
      "label": "cover",
      "name": "Cover",
      "rec_index": 17,
      "search_terms": [
        "cover"
      ],
      "table": null
    },
    "formats": {
      "column": null,
      "datatype": "text",
      "display": {},
      "is_category": true,
      "is_csp": false,
      "is_custom": false,
      "is_editable": true,
      "is_multiple": {
        "cache_to_list": ",",
        "list_to_ui": ", ",
        "ui_to_list": ","
      },
      "kind": "field",
      "label": "formats",
      "name": "Formats",
      "rec_index": 13,
      "search_terms": [
        "formats",
        "format"
      ],
      "table": null
    },
    "id": {
      "column": null,
      "datatype": "int",
      "display": {},
      "is_category": false,
      "is_csp": false,
      "is_custom": false,
      "is_editable": true,
      "is_multiple": {},
      "kind": "field",
      "label": "id",
      "name": null,
      "rec_index": 0,
      "search_terms": [
        "id"
      ],
      "table": null
    },
    "identifiers": {
      "column": null,
      "datatype": "text",
      "display": {},
      "is_category": true,
      "is_csp": true,
      "is_custom": false,
      "is_editable": true,
      "is_multiple": {
        "cache_to_list": ",",
        "list_to_ui": ", ",
        "ui_to_list": ","
      },
      "kind": "field",
      "label": "identifiers",
      "name": "Identifiers",
      "rec_index": 20,
      "search_terms": [
        "identifiers",
        "identifier",
        "isbn"
      ],
      "table": null
    },
    "languages": {
      "category_sort": "lang_code",
      "column": "lang_code",
      "datatype": "text",
      "display": {},
      "is_category": true,
      "is_csp": false,
      "is_custom": false,
      "is_editable": true,
      "is_multiple": {
        "cache_to_list": ",",
        "list_to_ui": ", ",
        "ui_to_list": ","
      },
      "kind": "field",
      "label": "languages",
      "link_column": "lang_code",
      "name": "Languages",
      "rec_index": 21,
      "search_terms": [
        "languages",
        "language"
      ],
      "table": "languages"
    },
    "last_modified": {
      "column": null,
      "datatype": "datetime",
      "display": {
        "date_format": "dd MMM yyyy"
      },
      "is_category": false,
      "is_csp": false,
      "is_custom": false,
      "is_editable": true,
      "is_multiple": {},
      "kind": "field",
      "label": "last_modified",
      "name": "Modified",
      "rec_index": 19,
      "search_terms": [
        "last_modified"
      ],
      "table": null
    },
    "marked": {
      "column": null,
      "datatype": "text",
      "display": {},
      "is_category": false,
      "is_csp": false,
      "is_custom": false,
      "is_editable": true,
      "is_multiple": {},
      "kind": "field",
      "label": "marked",
      "name": null,
      "rec_index": 23,
      "search_terms": [
        "marked"
      ],
      "table": null
    },
    "news": {
      "category_sort": "name",
      "column": "name",
      "datatype": null,
      "display": {},
      "is_category": true,
      "is_csp": false,
      "is_custom": false,
      "is_editable": true,
      "is_multiple": {},
      "kind": "category",
      "label": "news",
      "name": "News",
      "search_terms": [],
      "table": "news"
    },
    "ondevice": {
      "column": null,
      "datatype": "text",
      "display": {},
      "is_category": false,
      "is_csp": false,
      "is_custom": false,
      "is_editable": true,
      "is_multiple": {},
      "kind": "field",
      "label": "ondevice",
      "name": "On device",
      "rec_index": 22,
      "search_terms": [
        "ondevice"
      ],
      "table": null
    },
    "path": {
      "column": null,
      "datatype": "text",
      "display": {},
      "is_category": false,
      "is_csp": false,
      "is_custom": false,
      "is_editable": true,
      "is_multiple": {},
      "kind": "field",
      "label": "path",
      "name": "Path",
      "rec_index": 14,
      "search_terms": [],
      "table": null
    },
    "pubdate": {
      "column": null,
      "datatype": "datetime",
      "display": {
        "date_format": "MMM yyyy"
      },
      "is_category": false,
      "is_csp": false,
      "is_custom": false,
      "is_editable": true,
      "is_multiple": {},
      "kind": "field",
      "label": "pubdate",
      "name": "Published",
      "rec_index": 15,
      "search_terms": [
        "pubdate"
      ],
      "table": null
    },
    "publisher": {
      "category_sort": "name",
      "column": "name",
      "datatype": "text",
      "display": {},
      "is_category": true,
      "is_csp": false,
      "is_custom": false,
      "is_editable": true,
      "is_multiple": {},
      "kind": "field",
      "label": "publisher",
      "link_column": "publisher",
      "name": "Publisher",
      "rec_index": 9,
      "search_terms": [
        "publisher"
      ],
      "table": "publishers"
    },
    "rating": {
      "category_sort": "rating",
      "column": "rating",
      "datatype": "rating",
      "display": {},
      "is_category": true,
      "is_csp": false,
      "is_custom": false,
      "is_editable": true,
      "is_multiple": {},
      "kind": "field",
      "label": "rating",
      "link_column": "rating",
      "name": "Rating",
      "rec_index": 5,
      "search_terms": [
        "rating"
      ],
      "table": "ratings"
    },
    "series": {
      "category_sort": "(title_sort(name))",
      "column": "name",
      "datatype": "series",
      "display": {},
      "is_category": true,
      "is_csp": false,
      "is_custom": false,
      "is_editable": true,
      "is_multiple": {},
      "kind": "field",
      "label": "series",
      "link_column": "series",
      "name": "Series",
      "rec_index": 8,
      "search_terms": [
        "series"
      ],
      "table": "series"
    },
    "series_index": {
      "column": null,
      "datatype": "float",
      "display": {},
      "is_category": false,
      "is_csp": false,
      "is_custom": false,
      "is_editable": true,
      "is_multiple": {},
      "kind": "field",
      "label": "series_index",
      "name": null,
      "rec_index": 10,
      "search_terms": [
        "series_index"
      ],
      "table": null
    },
    "series_sort": {
      "column": null,
      "datatype": "text",
      "display": {},
      "is_category": false,
      "is_csp": false,
      "is_custom": false,
      "is_editable": true,
      "is_multiple": {},
      "kind": "field",
      "label": "series_sort",
      "name": "Series sort",
      "rec_index": 24,
      "search_terms": [
        "series_sort"
      ],
      "table": null
    },
    "size": {
      "column": null,
      "datatype": "float",
      "display": {},
      "is_category": false,
      "is_csp": false,
      "is_custom": false,
      "is_editable": true,
      "is_multiple": {},
      "kind": "field",
      "label": "size",
      "name": "Size",
      "rec_index": 4,
      "search_terms": [
        "size"
      ],
      "table": null
    },
    "sort": {
      "column": null,
      "datatype": "text",
      "display": {},
      "is_category": false,
      "is_csp": false,
      "is_custom": false,
      "is_editable": true,
      "is_multiple": {},
      "kind": "field",
      "label": "sort",
      "name": "Title sort",
      "rec_index": 11,
      "search_terms": [
        "title_sort"
      ],
      "table": null
    },
    "tags": {
      "category_sort": "name",
      "column": "name",
      "datatype": "text",
      "display": {},
      "is_category": true,
      "is_csp": false,
      "is_custom": false,
      "is_editable": true,
      "is_multiple": {
        "cache_to_list": ",",
        "list_to_ui": ", ",
        "ui_to_list": ","
      },
      "kind": "field",
      "label": "tags",
      "link_column": "tag",
      "name": "Tags",
      "rec_index": 6,
      "search_terms": [
        "tags",
        "tag"
      ],
      "table": "tags"
    },
    "timestamp": {
      "column": null,
      "datatype": "datetime",
      "display": {
        "date_format": "dd MMM yyyy"
      },
      "is_category": false,
      "is_csp": false,
      "is_custom": false,
      "is_editable": true,
      "is_multiple": {},
      "kind": "field",
      "label": "timestamp",
      "name": "Date",
      "rec_index": 3,
      "search_terms": [
        "date"
      ],
      "table": null
    },
    "title": {
      "column": null,
      "datatype": "text",
      "display": {},
      "is_category": false,
      "is_csp": false,
      "is_custom": false,
      "is_editable": true,
      "is_multiple": {},
      "kind": "field",
      "label": "title",
      "name": "Title",
      "rec_index": 1,
      "search_terms": [
        "title"
      ],
      "table": null
    },
    "uuid": {
      "column": null,
      "datatype": "text",
      "display": {},
      "is_category": false,
      "is_csp": false,
      "is_custom": false,
      "is_editable": true,
      "is_multiple": {},
      "kind": "field",
      "label": "uuid",
      "name": null,
      "rec_index": 16,
      "search_terms": [
        "uuid"
      ],
      "table": null
    }
  },
  "book_display_fields": [
    [
      "title",
      false
    ],
    [
      "authors",
      true
    ],
    [
      "series",
      true
    ],
    [
      "identifiers",
      true
    ],
    [
      "tags",
      true
    ],
    [
      "formats",
      true
    ],
    [
      "path",
      true
    ],
    [
      "publisher",
      false
    ],
    [
      "rating",
      false
    ],
    [
      "author_sort",
      false
    ],
    [
      "sort",
      false
    ],
    [
      "timestamp",
      false
    ],
    [
      "uuid",
      false
    ],
    [
      "comments",
      true
    ],
    [
      "id",
      false
    ],
    [
      "pubdate",
      false
    ],
    [
      "last_modified",
      false
    ],
    [
      "size",
      false
    ],
    [
      "languages",
      false
    ]
  ],
  "qv_display_fields": [
    [
      "title",
      true
    ],
    [
      "authors",
      true
    ],
    [
      "series",
      true
    ],
    [
      "languages",
      false
    ],
    [
      "formats",
      false
    ],
    [
      "publisher",
      false
    ],
    [
      "rating",
      false
    ],
    [
      "tags",
      false
    ],
    [
      "identifiers",
      false
    ],
    [
      "author_sort",
      false
    ],
    [
      "id",
      false
    ],
    [
      "last_modified",
      false
    ],
    [
      "path",
      false
    ],
    [
      "pubdate",
      false
    ],
    [
      "sort",
      false
    ],
    [
      "size",
      false
    ],
    [
      "timestamp",
      false
    ],
    [
      "uuid",
      false
    ]
  ],
  "column_color_rules": [],
  "column_icon_rules": [],
  "cover_grid_icon_rules": [],
  "gui_view_history": [
    [
      412,
      "test"
    ],
    [
      222,
      "Digital Signal Processing: Fundamentals and Applications, 3rd Edition"
    ],
    [
      315,
      "Advanced Data Structures"
    ],
    [
      244,
      "The Scientist and Engineer's Guide to Digital Signal Processing"
    ],
    [
      445,
      "How To Listen Manual"
    ],
    [
      292,
      "LEDA A platform for Combinatorial & Geometric Computing"
    ],
    [
      294,
      "Algorithms, Part I"
    ],
    [
      405,
      "Microbiology of Fermented foods"
    ],
    [
      395,
      "Tempeh Production. The Book of Tempeh Volume 2. A Craft & Technical Manual-New-Age Foods (1980)"
    ],
    [
      394,
      "SIMD Tutorial"
    ],
    [
      391,
      "introduction to formal logic, 2nd edition"
    ],
    [
      283,
      "Understanding Analysis, 2nd Edition"
    ],
    [
      44,
      "Binas Havo Vwo Informatieboek Havo-Vwo Voor Het Onderwijs in De Natuurkunde, 6e Editie"
    ],
    [
      344,
      "The Low Complexity Jump Counting Pattern"
    ],
    [
      341,
      "Concrete Problems in AI Safety"
    ]
  ],
  "check_library_ignore_extensions": "",
  "check_library_ignore_names": "",
  "categories_using_hierarchy": [
    "tags"
  ],
  "news_to_be_synced": [
    256,
    257,
    258,
    259,
    260,
    261,
    262,
    268,
    269,
    270,
    271,
    272,
    273,
    274,
    275,
    276,
    277,
    278,
    279,
    280,
    281,
    282,
    297,
    298,
    299,
    300,
    301,
    310,
    311,
    318,
    319,
    322,
    323,
    254,
    255
  ],
  "namespaced:ViewManagerPlugin:settings": {
    "SchemaVersion": 1.5,
    "autoApplyView": false,
    "lastView": "test",
    "viewToApply": "*Last View Used",
    "views": {
      "test": {
        "applyPinColumns": false,
        "applyRestriction": false,
        "applySearch": false,
        "applyVirtLib": false,
        "columns": [
          [
            "ondevice",
            -1
          ],
          [
            "title",
            432
          ],
          [
            "authors",
            244
          ],
          [
            "timestamp",
            67
          ],
          [
            "size",
            76
          ],
          [
            "rating",
            63
          ],
          [
            "tags",
            163
          ],
          [
            "series",
            57
          ],
          [
            "publisher",
            78
          ],
          [
            "pubdate",
            81
          ]
        ],
        "jump_to_top": false,
        "pin_columns": [],
        "pin_splitter_state": null,
        "restrictionToApply": "",
        "searchToApply": "",
        "sort": [
          [
            "rating",
            1
          ],
          [
            "title",
            0
          ],
          [
            "timestamp",
            1
          ]
        ],
        "virtLibToApply": ""
      }
    }
  }
}